cell_id,Q0_fit,a_fit,n_eol
Cell_1,2.079547324095396,0.1697007895552445,6.006616178332578
Cell_2,1.6025042538585872,0.14357650310928716,4.9830085246093
